<?xml version="1.0"?>
<SansLoader version="1.0"
    xmlns="sansloader/1.0"
    xmlns:xsi="http://www.w3.org/2001/XMLSchema-instance"
    >
	
	<FileType extension='.xml' reader='cansas_reader'/>
	<FileType extension='.txt' reader='ascii_reader'/>
	<FileType extension='.asc' reader='IgorReader'/>
	<FileType extension='.dat' reader='red2d_reader'/>
	<FileType extension='.tif' reader='tiff_reader'/>
	<FileType extension='.abs' reader='abs_reader'/>
	<FileType extension='.d1d' reader='hfir1d_reader'/>
	<FileType extension='.sans' reader='danse_reader'/>
	<FileType extension='.nxs' reader='nexus_reader'/>
    
</SansLoader>

