<?xml version="1.0"?>
<SasLoader version="1.0"
    xmlns="sasloader/1.0"
    xmlns:xsi="http://www.w3.org/2001/XMLSchema-instance"
    >
	
	<FileType extension='.xml' reader='cansas_reader'/>
	<FileType extension='.txt' reader='ascii_reader'/>
	<FileType extension='.asc' reader='IgorReader'/>
	<FileType extension='.dat' reader='red2d_reader'/>
	<!--
	Removed the tiff_reader for now. To reinstate, remove the XML comment
	<FileType extension='.tif' reader='tiff_reader'/>
	-->
	<FileType extension='.abs' reader='abs_reader'/>
	<FileType extension='.d1d' reader='hfir1d_reader'/>
	<FileType extension='.sans' reader='danse_reader'/>
	<FileType extension='.nxs' reader='nexus_reader'/>
    
</SasLoader>

